statement ok
create table t1(a integer, b integer)

statement ok
insert into t1(a, b) values (1, 2)

statement ok
insert into t1(a, b) values (2, 3)

query II
select * from t1
----
1 2
2 3

statement ok
insert into t1(a, b) values (3, 4)

query II
select * from t1
----
1 2
2 3
3 4

statement ok
create table t2(c integer, d integer)

statement ok
insert into t2(c, d) values (1, 2)

query IIII
select * from t1 join t2 on t1.a = t2.c
----
1 2 1 2
