control sortmode rowsort

# actor
statement ok
CREATE TABLE actor(
    actor_id integer NOT NULL,
    first_name text NOT NULL,
    last_name text,
    last_update text
)

# film
statement ok
CREATE TABLE film (
    film_id integer NOT NULL,
    title text NOT NULL,
    description text,
    release_year text,
    language_id integer NOT NULL,
    original_language_id integer,
    rental_duration integer  NOT NULL,
    rental_rate numeric NOT NULL,
    length integer,
    replacement_cost numeric NOT NULL,
    rating TEXT,
    last_update timestamp NOT NULL,
    special_features text
)

# film_actor
statement ok
CREATE TABLE film_actor (
    actor_id integer NOT NULL,
    film_id integer NOT NULL,
    last_update timestamp NOT NULL
);


statement ok
INSERT INTO actor(actor_id,first_name, last_name, last_update) VALUES (1, 'penelope', 'guiness', '2020-02-15 09:34:33+00');

statement ok
INSERT INTO actor(actor_id,first_name, last_name, last_update) VALUES (2, 'jack', 'nicholson', '2020-03-01 10:00:00+00');

statement ok
INSERT INTO actor(actor_id,first_name, last_name, last_update) VALUES (3, 'angelina', 'jolie', '2020-03-10 11:11:11+00');

statement ok
INSERT INTO actor(actor_id,first_name, last_name, last_update) VALUES (4, 'tom', 'hanks', '2020-03-15 14:44:44+00');

statement ok
INSERT INTO actor(actor_id,first_name, last_name, last_update) VALUES (5, 'brad', 'pitt', '2020-03-20 17:17:17+00');

statement ok
INSERT INTO actor(actor_id,first_name, last_name, last_update) VALUES (6, 'jennifer', 'aniston', '2020-03-25 20:20:20+00');

statement ok
INSERT INTO actor(actor_id,first_name, last_name, last_update) VALUES (7, 'robert', 'downey jr.', '2020-03-30 23:23:23+00');

statement ok
INSERT INTO actor(actor_id,first_name, last_name, last_update) VALUES (8, 'scarlett', 'johansson', '2020-04-05 02:02:02+00');

statement ok
INSERT INTO actor(actor_id,first_name, last_name, last_update) VALUES (9, 'meryl', 'streep', '2020-04-10 05:05:05+00');

statement ok
INSERT INTO actor(actor_id,first_name, last_name, last_update) VALUES (10, 'leonardo', 'dicaprio', '2020-04-15 08:08:08+00');

#insert data to film

statement ok
INSERT INTO film (film_id, title, description, release_year, language_id, original_language_id, rental_duration, rental_rate, length, replacement_cost, rating, last_update, special_features)
VALUES (1, 'The Shawshank Redemption', 'Two imprisoned men bond over a number of years, finding solace and eventual redemption through acts of common decency.', '1994', 1, NULL, 2, 2.99, 142, 19.99, 'R', '2022-03-16 00:00:00', 'Deleted Scenes;Behind the Scenes');

statement ok
INSERT INTO film (film_id, title, description, release_year, language_id, original_language_id, rental_duration, rental_rate, length, replacement_cost, rating, last_update, special_features)
VALUES (2, 'The Godfather', 'The aging patriarch of an organized crime dynasty transfers control of his clandestine empire to his reluctant son.', '1972', 1, NULL, 3, 2.99, 175, 24.99, 'R', '2022-03-16 00:00:00', 'Deleted Scenes;Behind the Scenes');

statement ok
INSERT INTO film (film_id, title, description, release_year, language_id, original_language_id, rental_duration, rental_rate, length, replacement_cost, rating, last_update, special_features)
VALUES (3, 'The Dark Knight', 'When the menace known as the Joker wreaks havoc and chaos on the people of Gotham, Batman must accept one of the greatest psychological and physical tests of his ability to fight injustice.', '2008', 1, NULL, 5, 3.99, 152, 29.99, 'PG-13', '2022-03-16 00:00:00', 'Deleted Scenes;Behind the Scenes');

statement ok
INSERT INTO film (film_id, title, description, release_year, language_id, original_language_id, rental_duration, rental_rate, length, replacement_cost, rating, last_update, special_features)
VALUES (4, 'Schindler''s List', 'In German-occupied Poland during World War II, Oskar Schindler gradually becomes concerned for his Jewish workforce after witnessing their persecution by the Nazi Germans.', '1993', 1, NULL, 5, 3.99, 195, 24.99, 'R', '2022-03-16 00:00:00', 'Deleted Scenes;Behind the Scenes');

statement ok
INSERT INTO film (film_id, title, description, release_year, language_id, original_language_id, rental_duration, rental_rate, length, replacement_cost, rating, last_update, special_features)
VALUES (5, 'The Godfather: Part II', 'The early life and career of Vito Corleone in 1920s New York City is portrayed, while his son, Michael, expands and tightens his grip on the family crime syndicate.', '1974', 1, NULL, 202, 2.99, 202, 18.99, 'R', '2023-03-15 10:00:00', 'Deleted Scenes,Behind the Scenes');

statement ok
INSERT INTO film (film_id, title, description, release_year, language_id, original_language_id, rental_duration, rental_rate, length, replacement_cost, rating, last_update, special_features)
VALUES (6, 'My Fair Lady', 'A misogynistic and snobbish phonetics professor agrees to a wager that he can take a flower girl and make her presentable in high society.', '1964', 1, NULL, 7, 4.99, 170, 19.99, 'G', '2022-03-16 00:00:00', 'Trailers');

statement ok
INSERT INTO film (film_id, title, description, release_year, language_id, original_language_id, rental_duration, rental_rate, length, replacement_cost, rating, last_update, special_features)
VALUES (7, 'Vertigo', 'A retired San Francisco detective suffering from acrophobia investigates the strange activities of an old friend''s wife, all the while becoming dangerously obsessed with her.', '1958', 1, NULL, 7, 4.99, 128, 19.99, 'PG', '2022-03-16 00:00:00', 'Commentaries');

statement ok
INSERT INTO film (film_id, title, description, release_year, language_id, original_language_id, rental_duration, rental_rate, length, replacement_cost, rating, last_update, special_features)
VALUES (8, 'When Harry Met Sally', 'Harry and Sally have known each other for years, and are very good friends, but they fear sex would ruin the friendship.', '1989', 1, NULL, 7, 4.99, 96, 19.99, 'R', '2022-03-16 00:00:00', 'Deleted Scenes');

statement ok
INSERT INTO film (film_id, title, description, release_year, language_id, original_language_id, rental_duration, rental_rate, length, replacement_cost, rating, last_update, special_features)
VALUES (9, 'The Artist', 'A silent movie star meets a young dancer, but the arrival of talking pictures sends their careers in opposite directions.', '2011', 1, NULL, 7, 4.99, 100, 19.99, 'PG-13', '2022-03-16 00:00:00', 'Behind the Scenes');

statement ok
INSERT INTO film (film_id, title, description, release_year, language_id, original_language_id, rental_duration, rental_rate, length, replacement_cost, rating, last_update, special_features)
VALUES (10, 'The Great Gatsby', 'A writer and wall street trader, Nick, finds himself drawn to the past and lifestyle of his millionaire neighbor, Jay Gatsby.', '2013', 1, NULL, 7, 4.99, 143, 19.99, 'PG-13', '2022-03-16 00:00:00', 'Trailers');

# insert data to film_actor

statement ok
INSERT INTO film_actor (actor_id, film_id, last_update) VALUES (1, 1, '2022-03-16 10:00:00');

statement ok
INSERT INTO film_actor (actor_id, film_id, last_update) VALUES (1, 2, '2022-03-16 10:00:00');

statement ok
INSERT INTO film_actor (actor_id, film_id, last_update) VALUES (1, 3, '2022-03-16 10:00:00');

statement ok
INSERT INTO film_actor (actor_id, film_id, last_update) VALUES (2, 4, '2022-03-16 10:00:00');

statement ok
INSERT INTO film_actor (actor_id, film_id, last_update) VALUES (2, 5, '2022-03-16 10:00:00');

statement ok
INSERT INTO film_actor (actor_id, film_id, last_update) VALUES (2, 6, '2022-03-16 10:00:00');

statement ok
INSERT INTO film_actor (actor_id, film_id, last_update) VALUES (3, 7, '2022-03-16 10:00:00');

statement ok
INSERT INTO film_actor (actor_id, film_id, last_update) VALUES (3, 8, '2022-03-16 10:00:00');

statement ok
INSERT INTO film_actor (actor_id, film_id, last_update) VALUES (3, 9, '2022-03-16 10:00:00');

statement ok
INSERT INTO film_actor (actor_id, film_id, last_update) VALUES (4, 10, '2022-03-16 10:00:00');



statement ok
DELETE FROM film_actor WHERE actor_id = 2;



query IT
SELECT a.actor_id, b.first_name from actor a
        JOIN actor b on a.actor_id = b.actor_id

query ITT
SELECT actor.actor_id, first_name, last_name from actor
        JOIN film_actor on film_actor.actor_id = actor.actor_id


query ITT
SELECT actor.actor_id, first_name, last_name from actor
        JOIN film_actor on film_actor.actor_id = actor.actor_id

query I
SELECT a.actor_id from actor a
        JOIN film_actor fa on fa.actor_id = a.actor_id
        JOIN film f on f.film_id = fa.film_id

query ITT
SELECT a.actor_id, a.first_name, a.last_name from actor a
        JOIN film_actor fa on fa.actor_id = a.actor_id;

query ITT
WITH tbl AS (SELECT actor_id, first_name, last_name FROM actor)
        SELECT t.actor_id, t.first_name, t.last_name
        FROM tbl t
        JOIN film_actor fa ON fa.actor_id = t.actor_id;


query ITT
SELECT a.actor_id, a.first_name, a.last_name from actor a
        LEFT JOIN film_actor fa on fa.actor_id = a.actor_id;

query ITT
SELECT a.actor_id, a.first_name, a.last_name from actor a
        LEFT JOIN film_actor fa on fa.actor_id = a.actor_id
        LEFT JOIN film f on fa.film_id=f.film_id
        WHERE f.film_id = 1;


query T
SELECT f.title from film_actor fa
        RIGHT JOIN film f on fa.film_id = f.film_id;

query T
SELECT f.title from actor a
        RIGHT JOIN film_actor fa ON a.actor_id = fa.actor_id
        RIGHT JOIN film f on fa.film_id = f.film_id
        WHERE f.film_id < 5;

query TT
SELECT a.first_name, a.last_name
FROM actor a
INNER JOIN (
        SELECT actor_id, COUNT(actor_id)
        FROM film_actor
        GROUP BY actor_id
        HAVING COUNT(actor_id) >= 0 
) fa ON a.actor_id = fa.actor_id;