control sortmode rowsort

# actor
statement ok
CREATE TABLE actor(
    actor_id integer NOT NULL,
    first_name text NOT NULL,
    last_name text,
    last_update text
)

# film
statement ok
CREATE TABLE film (
    film_id integer NOT NULL,
    title text NOT NULL,
    description text,
    release_year text,
    language_id integer NOT NULL,
    original_language_id integer,
    rental_duration integer  NOT NULL,
    rental_rate numeric NOT NULL,
    length integer,
    replacement_cost numeric NOT NULL,
    rating TEXT,
    last_update timestamp NOT NULL,
    special_features text
)

# film_actor
statement ok
CREATE TABLE film_actor (
    actor_id integer NOT NULL,
    film_id integer NOT NULL,
    last_update timestamp NOT NULL
);


statement ok
INSERT INTO actor(actor_id,first_name, last_name, last_update) VALUES (1, 'penelope', 'guiness', '2020-02-15 09:34:33+00');

statement ok
INSERT INTO actor(actor_id,first_name, last_name, last_update) VALUES (2, 'jack', 'nicholson', '2020-03-01 10:00:00+00');

statement ok
INSERT INTO actor(actor_id,first_name, last_name, last_update) VALUES (3, 'angelina', 'jolie', '2020-03-10 11:11:11+00');

statement ok
INSERT INTO actor(actor_id,first_name, last_name, last_update) VALUES (4, 'tom', 'hanks', '2020-03-15 14:44:44+00');

statement ok
INSERT INTO actor(actor_id,first_name, last_name, last_update) VALUES (5, 'brad', 'pitt', '2020-03-20 17:17:17+00');

statement ok
INSERT INTO actor(actor_id,first_name, last_name, last_update) VALUES (6, 'jennifer', 'aniston', '2020-03-25 20:20:20+00');

statement ok
INSERT INTO actor(actor_id,first_name, last_name, last_update) VALUES (7, 'robert', 'downey jr.', '2020-03-30 23:23:23+00');

statement ok
INSERT INTO actor(actor_id,first_name, last_name, last_update) VALUES (8, 'scarlett', 'johansson', '2020-04-05 02:02:02+00');

statement ok
INSERT INTO actor(actor_id,first_name, last_name, last_update) VALUES (9, 'meryl', 'streep', '2020-04-10 05:05:05+00');

statement ok
INSERT INTO actor(actor_id,first_name, last_name, last_update) VALUES (10, 'leonardo', 'dicaprio', '2020-04-15 08:08:08+00');


query ITT
WITH tbl as (
                SELECT actor_id, first_name, last_name from actor
            )
            SELECT actor_id, first_name, last_name from tbl;

query II
SELECT actor_id, count(actor_id) from (
    SELECT actor_id, first_name, last_name from actor) a GROUP By actor_id;

query II
WITH tbl as (
                SELECT actor_id, first_name, last_name from actor
            )
            SELECT actor_id, count(actor_id) from tbl
            GROUP By actor_id;

query ITT
SELECT actor_id, first_name, last_name from (
        SELECT actor_id, first_name, last_name from actor);

query II
SELECT actor_id, count(actor_id) from (
    SELECT actor_id, first_name, last_name from actor) a GROUP By actor_id;

query II
WITH tbl as (
                SELECT actor_id, first_name, last_name from actor
            )
            SELECT actor_id, count(actor_id) from tbl
            GROUP By actor_id;
